name,author,stars,ratings,url,full url
The President Is Missing,"Bill Clinton, James Patterson",4 ,17991,B076HY6P86,www.audible.com/pd/B076HY6P86
The Cellist,Daniel Silva,3.5 ,2551,0062835033,www.audible.com/pd/0062835033
The Hunting Party,Lucy Foley,4.5 ,7283,B07ML4TMLS,www.audible.com/pd/B07ML4TMLS
Bloodless,"Douglas Preston, Lincoln Child",4 ,2607,154913339X,www.audible.com/pd/154913339X
False Witness,Karin Slaughter,4.5 ,3183,1504780299,www.audible.com/pd/1504780299
Her Dark Lies,J. T. Ellison,4 ,766,1488210608,www.audible.com/pd/1488210608
Turbo Twenty-Three,Janet Evanovich,4.5 ,4884,B01K8K85QC,www.audible.com/pd/B01K8K85QC
Tricky Twenty-Two,Janet Evanovich,4.5 ,5075,B011PVWPO6,www.audible.com/pd/B011PVWPO6
Infinite,Brian Freeman,4.5 ,1094,1799773752,www.audible.com/pd/1799773752
The Postscript Murders,Elly Griffiths,4.5 ,255,0358450411,www.audible.com/pd/0358450411
A Quiet Life in the Country,T E Kinsey,4 ,7512,B01LDRPUVM,www.audible.com/pd/B01LDRPUVM
Next to Last Stand,Craig Johnson,4.5 ,2734,150199879X,www.audible.com/pd/150199879X
Wait for Signs,Craig Johnson,4.5 ,3476,B00OLBAYCS,www.audible.com/pd/B00OLBAYCS
The Case of the Damaged Detective,Drew Hayes,4.5 ,4622,B07RVPWX6W,www.audible.com/pd/B07RVPWX6W
I'm Thinking of Ending Things,Iain Reid,4 ,3046,B01EVL3U8C,www.audible.com/pd/B01EVL3U8C
A Dangerous Man,Robert Crais,4.5 ,2009,B07L16FNSK,www.audible.com/pd/B07L16FNSK
Deal with the Devil,Meghan March,4.5 ,1366,1982624094,www.audible.com/pd/1982624094
Fortune Funhouse,Jana DeLeon,5 ,1322,B094DNXFH8,www.audible.com/pd/B094DNXFH8
The Good Shepherd,C.S. Forester,4.5 ,1164,1774244152,www.audible.com/pd/1774244152
Flying Too High,Kerry Greenwood,4.5 ,1686,B002V19X7C,www.audible.com/pd/B002V19X7C
Murder on the Ballarat Train,Kerry Greenwood,4.5 ,1490,B003AJQF7U,www.audible.com/pd/B003AJQF7U
Death in Damascus,Karen Menuhin,4.5 ,1504,B089NW5XQ3,www.audible.com/pd/B089NW5XQ3
The Loyal Wife,Natalie Barelli,4 ,1158,1541448480,www.audible.com/pd/1541448480
Heartbreak Bay,Rachel Caine,4.5 ,1611,1799770826,www.audible.com/pd/1799770826
The Silent Ones,K. L. Slater,4.5 ,862,B07VS3L5Q9,www.audible.com/pd/B07VS3L5Q9
The Monks Hood Murders,Karen Baugh Menuhin,4.5 ,1061,B08W56V6XP,www.audible.com/pd/B08W56V6XP
The Secret Weapon,Bradley Wright,4.5 ,532,B08BFC7N2L,www.audible.com/pd/B08BFC7N2L
The Ghostway,Tony Hillerman,4.5 ,606,B0191WIMU2,www.audible.com/pd/B0191WIMU2
My Italian Bulldozer,Alexander McCall Smith,4 ,558,B06XC6Z3MV,www.audible.com/pd/B06XC6Z3MV
The Moonlit Mind,Dean Koontz,4 ,414,B009F1FKQ4,www.audible.com/pd/B009F1FKQ4
Crimson Lake Road,Victor Methos,4.5 ,1124,171350619X,www.audible.com/pd/171350619X
The Hallows,Victor Methos,4.5 ,1058,1721358315,www.audible.com/pd/1721358315
Another Kind of Eden,James Lee Burke,4.5 ,447,1797122185,www.audible.com/pd/1797122185
A Red Death,Walter Mosley,4.5 ,813,B0036G94KM,www.audible.com/pd/B0036G94KM
The Streets Have No King,JaQuavis Coleman,4.5 ,561,B084JNV3DQ,www.audible.com/pd/B084JNV3DQ
Fun House,Chris Grabenstein,4.5 ,915,B007SP2OD6,www.audible.com/pd/B007SP2OD6
Bone in the Throat,Anthony Bourdain,4.5 ,315,B0195DG2AY,www.audible.com/pd/B0195DG2AY
Tracks of Her Tears,Melinda Leigh,4.5 ,1046,B017UUEJAY,www.audible.com/pd/B017UUEJAY
The Confessional,Ashley & JaQuavis,4.5 ,671,B07VGB2RQ5,www.audible.com/pd/B07VGB2RQ5
The Man with the Golden Gun,Ian Fleming,4.5 ,399,B00N25KKJ6,www.audible.com/pd/B00N25KKJ6
Damned,Jana DeLeon,4.5 ,580,B07QDVKK9K,www.audible.com/pd/B07QDVKK9K
One Perfect Grave,Stacy Green,4.5 ,475,B08WBYVRCL,www.audible.com/pd/B08WBYVRCL
Savage Season,Joe R. Lansdale,4.5 ,605,B002V0QKM4,www.audible.com/pd/B002V0QKM4
Buried Leads,LynDee Walker,4.5 ,547,B07RG5ZXNQ,www.audible.com/pd/B07RG5ZXNQ
Lost in Las Vegas,Kristen Painter,4.5 ,491,B08QZYM1Q4,www.audible.com/pd/B08QZYM1Q4
Agent Undercover,Lynette Eason,4.5 ,356,1630154830,www.audible.com/pd/1630154830
Long Way Home,J.T. Baier,5 ,526,1774249235,www.audible.com/pd/1774249235
Eddie's Boy,Thomas Perry,4.5 ,373,1696601290,www.audible.com/pd/1696601290
Murder on a Midnight Clear,Sara Rosett,4.5 ,343,B08TPP3RKB,www.audible.com/pd/B08TPP3RKB
Grave Descend,"Michael Crichton, John Lange",4 ,390,B00ZE3I6YK,www.audible.com/pd/B00ZE3I6YK
The Clairvoyant Countess,Dorothy Gilman,4.5 ,322,B00CA30PY6,www.audible.com/pd/B00CA30PY6
Lawless,K'wan,4.5 ,327,1980029016,www.audible.com/pd/1980029016
Without Precedent,J. D. Trafford,4.5 ,407,1978650132,www.audible.com/pd/1978650132
The Darkness: A Thriller,"Victoria Cribb - translator, Ragnar Jónasson",4 ,226,1250311667,www.audible.com/pd/1250311667
Time to Hunt,Simon Gervais,4.5 ,354,1799752011,www.audible.com/pd/1799752011
Then There Were Nun,Dakota Cassidy,4.5 ,283,1977330592,www.audible.com/pd/1977330592
An Occupied Grave,A.G. Barnett,4 ,219,B07HJB6KTF,www.audible.com/pd/B07HJB6KTF
Long Road to Survival,"Lee Bradford, William H. Weber",4 ,196,B01B8KD7EG,www.audible.com/pd/B01B8KD7EG
Hidden Victims,LynDee Walker,4.5 ,214,B088P4BTD5,www.audible.com/pd/B088P4BTD5
Counsellor,Celia Aaron,4.5 ,582,B078954YY1,www.audible.com/pd/B078954YY1
An English Murder,Cyril Hare,4 ,177,1977345611,www.audible.com/pd/1977345611
Withholding Evidence,Rachel Grant,4.5 ,211,B01KGK3JEC,www.audible.com/pd/B01KGK3JEC
Gone Bamboo,Anthony Bourdain,4.5 ,76,B0195ELQ5Y,www.audible.com/pd/B0195ELQ5Y
Hard Vengeance,J. B. Turner,4.5 ,221,1713551594,www.audible.com/pd/1713551594
The Island,Ragnar Jónasson,4.5 ,114,1250223997,www.audible.com/pd/1250223997
The Body on the Beach,"Anna Johannsen, Lisa Reinhardt - translator",4 ,219,1978689470,www.audible.com/pd/1978689470
Blackwattle Creek,Geoffrey McGeachin,4 ,175,B008PECEYS,www.audible.com/pd/B008PECEYS
Inside Job,Connie Willis,4 ,277,B002V1O2IM,www.audible.com/pd/B002V1O2IM
I Have Something to Tell You,Susan Lewis,4 ,9,0008489149,www.audible.com/pd/0008489149
The Wife Upstairs,Rachel Hawkins,4 ,2178,1250752450,www.audible.com/pd/1250752450
The Survivors,Jane Harper,4.5 ,1076,1250790883,www.audible.com/pd/1250790883
Still Life,Louise Penny,4.5 ,12187,B00JS9K7OI,www.audible.com/pd/B00JS9K7OI
The Perfect Family,Robyn Harding,4 ,64,1797129333,www.audible.com/pd/1797129333
The Fiancée,Kate White,4 ,63,0062945432,www.audible.com/pd/0062945432
Into the Water,Paula Hawkins,4 ,13112,B01N5P9MG0,www.audible.com/pd/B01N5P9MG0
Find Her,Lisa Gardner,4.5 ,12062,B019WKOU18,www.audible.com/pd/B019WKOU18
Lady in the Lake,Laura Lippman,4 ,1277,0062390139,www.audible.com/pd/0062390139
Near You,Mary Burton,4.5 ,576,1713559455,www.audible.com/pd/1713559455
Never Ask Me,Jeff Abbott,4 ,1224,1549150847,www.audible.com/pd/1549150847
American Spy,Lauren Wilkinson,4 ,1378,0525631410,www.audible.com/pd/0525631410
Midwinter Murder,Agatha Christie,4.5 ,417,006305065X,www.audible.com/pd/006305065X
When the Reckoning Comes,LaTanya McQueen,4.5 ,57,0063035065,www.audible.com/pd/0063035065
Burn It All Down,Nicolas DiDomizio,4 ,42,1549129546,www.audible.com/pd/1549129546
The Starter Wife,Nina Laurin,3.5 ,66,1549120581,www.audible.com/pd/1549120581
Tier One,"Brian Andrews, Jeffrey Wilson",4.5 ,9777,B01J8RBULS,www.audible.com/pd/B01J8RBULS
Hairpin Bridge,Taylor Adams,4 ,102,0063065460,www.audible.com/pd/0063065460
The Woods,Harlan Coben,4.5 ,8338,B002V8MK1G,www.audible.com/pd/B002V8MK1G
Truth and Lies,Caroline Mitchell,4.5 ,6927,B07G1C8DMM,www.audible.com/pd/B07G1C8DMM
The Key to Rebecca,Ken Follett,4.5 ,513,0593452402,www.audible.com/pd/0593452402
Hush Little Girl,Lisa Regan,5 ,513,B091GR68CD,www.audible.com/pd/B091GR68CD
The Dark Horse,Craig Johnson,4.5 ,6180,B002V57O5G,www.audible.com/pd/B002V57O5G
Little Disasters,Sarah Vaughan,4 ,318,1508267936,www.audible.com/pd/1508267936
The Vacation,T. M. Logan,4 ,192,125075237X,www.audible.com/pd/125075237X
Red Widow,Alma Katsu,4.5 ,175,0593347870,www.audible.com/pd/0593347870
The Naturalist,Andrew Mayne,4.5 ,6332,B074VJ2PVL,www.audible.com/pd/B074VJ2PVL
Club Dead,Charlaine Harris,4.5 ,6225,B002V0QUBK,www.audible.com/pd/B002V0QUBK
Option to Kill,Andrew Peterson,4.5 ,3433,B00AHEHEU8,www.audible.com/pd/B00AHEHEU8
I Don't Forgive You,Aggie Blum Thompson,4.5 ,120,1250783801,www.audible.com/pd/1250783801
Never Tell,Lisa Gardner,4.5 ,3238,1536609528,www.audible.com/pd/1536609528
Breaking Point: A Joe Pickett Novel Book 13,C. J. Box,4.5 ,2574,B00BSAJIJK,www.audible.com/pd/B00BSAJIJK
What Have You Done,Matthew Farrell,4 ,2763,1978601239,www.audible.com/pd/1978601239
Emma in the Night,Wendy Walker,4 ,2478,B06XGL8GKN,www.audible.com/pd/B06XGL8GKN
"Paradox: An FBI Thriller, Book 22",Catherine Coulter,4.5 ,1586,B07DD2KG6D,www.audible.com/pd/B07DD2KG6D
"Insidious: An FBI Thriller, Book 20",Catherine Coulter,4.5 ,1684,B01G97QNSU,www.audible.com/pd/B01G97QNSU
A Tapping at My Door,David Jackson,4 ,2389,B01B8N6U7E,www.audible.com/pd/B01B8N6U7E
The Winter People,Jennifer McMahon,4 ,2216,B00HNY6LKY,www.audible.com/pd/B00HNY6LKY
Nothing Ventured,Jeffrey Archer,4.5 ,1203,1250240123,www.audible.com/pd/1250240123
Nevermore,Dannika Dark,5 ,2341,B07MMWS5TR,www.audible.com/pd/B07MMWS5TR
Beneath the Dark Ice,Greig Beck,4 ,2124,B0065717C2,www.audible.com/pd/B0065717C2
Motherless Brooklyn,Jonathan Lethem,4.5 ,1271,B00H8Y7VGM,www.audible.com/pd/B00H8Y7VGM
Zero Day,Mark Russinovich,4 ,1912,B009GLCXPO,www.audible.com/pd/B009GLCXPO
The Limpopo Academy of Private Detection,Alexander McCall Smith,4.5 ,1292,B0079MNTUU,www.audible.com/pd/B0079MNTUU
Duplicity,Sibel Hodge,4 ,1919,B01N95PQZ6,www.audible.com/pd/B01N95PQZ6
The Other Daughter,Lauren Willig,4 ,1729,B00UM19BKC,www.audible.com/pd/B00UM19BKC
Those Who Wish Me Dead,Michael Koryta,4.5 ,1861,B00JEI2GCE,www.audible.com/pd/B00JEI2GCE
Reaper: Ghost Target,"Nicholas Irving, A. J. Tata - contributor",4.5 ,1264,B07BYG8BLD,www.audible.com/pd/B07BYG8BLD
Harden,D. J. Molles,4.5 ,1626,B07HY9C6QP,www.audible.com/pd/B07HY9C6QP
The Boys' Club,Erica Katz,4.5 ,1329,0062961519,www.audible.com/pd/0062961519
"The Bones She Buried: A Completely Gripping, Heart-Stopping Crime Thriller",Lisa Regan,4.5 ,926,B07NLNF4JM,www.audible.com/pd/B07NLNF4JM
The Better Sister,Alafair Burke,4.5 ,1432,0062895265,www.audible.com/pd/0062895265
Little Boy Lost,J. D. Trafford,4 ,1280,B072KT4KHT,www.audible.com/pd/B072KT4KHT
The New Husband,D. J. Palmer,4.5 ,1149,125025986X,www.audible.com/pd/125025986X
The Advocate's Daughter,Anthony Franze,4 ,1272,B01CKFAVWO,www.audible.com/pd/B01CKFAVWO
Secrets Never Die,Melinda Leigh,4.5 ,2077,1978643837,www.audible.com/pd/1978643837
Thin Air,Ann Cleeves,4.5 ,1172,B00VX9BD9E,www.audible.com/pd/B00VX9BD9E
The Last Second,"Catherine Coulter, J. T. Ellison",4.5 ,859,1511371684,www.audible.com/pd/1511371684
While You Were Sleeping,Kathryn Croft,4 ,1235,B06XGK67WJ,www.audible.com/pd/B06XGK67WJ
The Closer You Get,Mary Torjussen,4.5 ,1070,0593166167,www.audible.com/pd/0593166167
The Body Keeper,Anne Frasier,4.5 ,2145,1978648316,www.audible.com/pd/1978648316
Mycroft and Sherlock: The Empty Birdcage,"Kareem Abdul-Jabbar, Anna Waterhouse",4.5 ,1060,B07Y3VV629,www.audible.com/pd/B07Y3VV629
Recall Zero,Jack Mars,4.5 ,901,B08125MJ8N,www.audible.com/pd/B08125MJ8N
The Golden Tresses of the Dead: A Flavia de Luce Novel,Alan Bradley,4.5 ,967,0449807746,www.audible.com/pd/0449807746
Let Me Lie,Clare Mackintosh,4 ,734,B078SG8L9S,www.audible.com/pd/B078SG8L9S
Trauma,"Michael Palmer, Daniel Palmer",4 ,622,B00UXGI36E,www.audible.com/pd/B00UXGI36E
A Justified Murder,Jude Deveraux,4.5 ,819,1980013020,www.audible.com/pd/1980013020
The Royal Wulff Murders,Keith McCafferty,4.5 ,723,B00728AKIU,www.audible.com/pd/B00728AKIU
Bonfire,Krysten Ritter,4 ,1050,B074HHRV2D,www.audible.com/pd/B074HHRV2D
Deadly Summer,Denise Grover Swank,4.5 ,1000,B078CK1CSJ,www.audible.com/pd/B078CK1CSJ
Game of Snipers,Stephen Hunter,4.5 ,726,B07L16HHRQ,www.audible.com/pd/B07L16HHRQ
The Safe Place,Anna Downes,4.5 ,683,1250751640,www.audible.com/pd/1250751640
Liars & Thieves,Stephen Coonts,4 ,842,B002V0KGBA,www.audible.com/pd/B002V0KGBA
The Unleashed,Brett Battles,4.5 ,974,B01EKJCCYS,www.audible.com/pd/B01EKJCCYS
Thunder Bay,William Kent Krueger,4.5 ,718,1980034958,www.audible.com/pd/1980034958
Deadly Dram,Melinda Mullet,4.5 ,880,B07GSC19PL,www.audible.com/pd/B07GSC19PL
Murder in the Dark,Kerry Greenwood,4.5 ,836,B002V5GTVG,www.audible.com/pd/B002V5GTVG
The Unknown,Brett Battles,4.5 ,593,B086Q3LWKY,www.audible.com/pd/B086Q3LWKY
The Perfect Alibi,Phillip Margolin,4.5 ,598,B07KRGMNL3,www.audible.com/pd/B07KRGMNL3
Scents and Sensibility,Spencer Quinn,4.5 ,673,B010N0VP4Q,www.audible.com/pd/B010N0VP4Q
The Girl in the Mirror,Rose Carlyle,4.5 ,512,0063030179,www.audible.com/pd/0063030179
Raven One,Capt. Kevin P. Miller USN (Ret.),4.5 ,559,B06Y2L9NKF,www.audible.com/pd/B06Y2L9NKF
The Knowledge,Martha Grimes,4.5 ,445,B07BHWYJ6V,www.audible.com/pd/B07BHWYJ6V
The Fleet Street Murders,Charles Finch,4.5 ,556,B005ZTPY1G,www.audible.com/pd/B005ZTPY1G
The Stone Circle,Elly Griffiths,4.5 ,543,1501986740,www.audible.com/pd/1501986740
The Book of Candlelight,Ellery Adams,4.5 ,585,1690561718,www.audible.com/pd/1690561718
One Left Alive: A Heart-Stopping and Gripping Crime Thriller,Helen Phifer,4.5 ,441,B08FNPRVKD,www.audible.com/pd/B08FNPRVKD
Black Coral,Andrew Mayne,4.5 ,1039,1713521628,www.audible.com/pd/1713521628
Captive on the Fens,Joy Ellis,4.5 ,645,B0753JPLGW,www.audible.com/pd/B0753JPLGW
Almost Missed You,Jessica Strawser,4 ,532,B06XGJPJRJ,www.audible.com/pd/B06XGJPJRJ
Grass Roots,Stuart Woods,4.5 ,384,B007IKKD34,www.audible.com/pd/B007IKKD34
Buried Secrets,Irene Hannon,4.5 ,1052,B00VEU1ZHW,www.audible.com/pd/B00VEU1ZHW
Suddenly Psychic: A Paranormal Women's Fiction Novel,Elizabeth Hunter,4.5 ,568,B08DDBQWW6,www.audible.com/pd/B08DDBQWW6
One for Sorrow,Sarah A. Denzil,4 ,403,B07D3C877B,www.audible.com/pd/B07D3C877B
Banker,Dick Francis,4.5 ,481,B005DMFI7U,www.audible.com/pd/B005DMFI7U
The Gray Ghost Murders,Keith McCafferty,4.5 ,493,B00C0Y01DA,www.audible.com/pd/B00C0Y01DA
Who Slays the Wicked,C. S. Harris,4.5 ,544,1980029938,www.audible.com/pd/1980029938
The Final Reckoning,Robert Bailey,4.5 ,817,1978637519,www.audible.com/pd/1978637519
Who Speaks for the Damned,C. S. Harris,5 ,454,1980036152,www.audible.com/pd/1980036152
The Cthulhu Casebooks: Sherlock Holmes and the Sussex Sea-Devils,James Lovegrove,4.5 ,511,1094095109,www.audible.com/pd/1094095109
Black Betty,Walter Mosley,4.5 ,546,B002V1LQNQ,www.audible.com/pd/B002V1LQNQ
Not a Hero,Cherise Sinclair,4.5 ,362,B083LP6WVB,www.audible.com/pd/B083LP6WVB
Chasing Zero,Jack Mars,4.5 ,332,B08N9PDVMJ,www.audible.com/pd/B08N9PDVMJ
Killing Mind: An Addictive and Nail-Biting Crime Thriller,Angela Marsons,4.5 ,433,B087V681HY,www.audible.com/pd/B087V681HY
Sorrow’s Anthem,Michael Koryta,4 ,524,B004BP64MI,www.audible.com/pd/B004BP64MI
A Stranger on the Beach,Michele Campbell,4 ,444,1250221374,www.audible.com/pd/1250221374
Vengeance Zero,Jack Mars,5 ,329,B08S47NLKF,www.audible.com/pd/B08S47NLKF
A Treacherous Performance,Lynn Messina,4.5 ,397,B085L7M839,www.audible.com/pd/B085L7M839
Left for Dead,Caroline Mitchell,4.5 ,534,1713502461,www.audible.com/pd/1713502461
A Promise of Ankles,Alexander McCall Smith,4.5 ,254,1705010407,www.audible.com/pd/1705010407
Blown,Chuck Barrett,4.5 ,344,B00U1QES5Q,www.audible.com/pd/B00U1QES5Q
Joe Country,Mick Herron,4.5 ,396,1980027080,www.audible.com/pd/1980027080
Rewind,Catherine Ryan Howard,4.5 ,421,1538517833,www.audible.com/pd/1538517833
Carl Weber's Kingpins,Nikki Turner,4.5 ,364,B015WURLM2,www.audible.com/pd/B015WURLM2
Right Behind You,Rachel Abbott,4.5 ,315,B083M8YX9Z,www.audible.com/pd/B083M8YX9Z
Origami Man,Matthew FitzSimmons,4.5 ,487,1799749940,www.audible.com/pd/1799749940
Twisted Lies,Angela Marsons,4.5 ,335,B0924YWZMZ,www.audible.com/pd/B0924YWZMZ
What the Devil Knows,C. S. Harris,4.5 ,302,1705020313,www.audible.com/pd/1705020313
Our Kind of Cruelty,Araminta Hall,4 ,345,B07BBS7N4J,www.audible.com/pd/B07BBS7N4J
Safe,S. K. Barnett,4.5 ,418,059321093X,www.audible.com/pd/059321093X
The Better Liar,Tanen Jones,4 ,282,0593147669,www.audible.com/pd/0593147669
Trojan Gold,Elizabeth Peters,4.5 ,484,B002V0CAH8,www.audible.com/pd/B002V0CAH8
Deception Cove,Owen Laukkanen,4.5 ,282,1549115553,www.audible.com/pd/1549115553
Look to the Lady,Margery Allingham,4.5 ,217,B00BGAYEDM,www.audible.com/pd/B00BGAYEDM
Problem Child,Victoria Helen Stone,4.5 ,480,1799750248,www.audible.com/pd/1799750248
A Snowball's Chance in Hell,JD Kirk,4.5 ,310,B08TLH9Q7W,www.audible.com/pd/B08TLH9Q7W
The Wicked Sister,Karen Dionne,4.5 ,252,0593211901,www.audible.com/pd/0593211901
Cadillac Beach,Tim Dorsey,4 ,418,B002V0GIDA,www.audible.com/pd/B002V0GIDA
Ask Me No Questions,Shelley Noble,4 ,168,1250300762,www.audible.com/pd/1250300762
The Mountains Wild,Sarah Stewart Taylor,4.5 ,187,1250751950,www.audible.com/pd/1250751950
Wherever She Goes,Kelley Armstrong,4.5 ,181,1250223911,www.audible.com/pd/1250223911
Hades,Candice Fox,4 ,127,B07FF5CF6H,www.audible.com/pd/B07FF5CF6H
Curious Toys,Elizabeth Hand,4 ,86,1549142763,www.audible.com/pd/1549142763
A Midsummer's Equation,Keigo Higashino,4.5 ,179,B01BLU3EBO,www.audible.com/pd/B01BLU3EBO
Take It Back,Kia Abdullah,4.5 ,109,1250776171,www.audible.com/pd/1250776171
The Reckoning: A Thriller,Yrsa Sigurdardottir,4.5 ,125,1250319277,www.audible.com/pd/1250319277
The Man with No Face,Peter May,4.5 ,110,1635061334,www.audible.com/pd/1635061334
Because You're Mine,Rea Frey,4.5 ,99,1250233062,www.audible.com/pd/1250233062
The Craftsman,Sharon Bolton,4.5 ,139,1250300444,www.audible.com/pd/1250300444
Sunrise Highway,Peter Blauner,4 ,110,1250300401,www.audible.com/pd/1250300401
A Death of No Importance,Mariah Fredericks,4 ,79,B07BYBWX9T,www.audible.com/pd/B07BYBWX9T
Fake Like Me,Barbara Bourland,4 ,89,1549120646,www.audible.com/pd/1549120646
If You Knew My Sister,Michelle Adams,4.5 ,72,B075ZGRH3F,www.audible.com/pd/B075ZGRH3F
The Secrets She Keeps,Michael Robotham,4.5 ,19585,B0716VL73Z,www.audible.com/pd/B0716VL73Z
Long Bright River,Liz Moore,4 ,2158,0593146891,www.audible.com/pd/0593146891
The Anatomy of Desire,L. R. Dorn,4.5 ,59,0063041952,www.audible.com/pd/0063041952
Mystic River,Dennis Lehane,4.5 ,2578,B00771B7X4,www.audible.com/pd/B00771B7X4
Save Me from Dangerous Men,S. A. Lelchuk,4.5 ,262,B07DYBRCLY,www.audible.com/pd/B07DYBRCLY
Searching for Sylvie Lee,Jean Kwok,4 ,1215,0062933310,www.audible.com/pd/0062933310
Hercule Poirot's Christmas,Agatha Christie,4.5 ,1744,B008CPJRJ0,www.audible.com/pd/B008CPJRJ0
Never Have I Ever,Joshilyn Jackson,4.5 ,4028,006293354X,www.audible.com/pd/006293354X
To Tell You the Truth,Gilly Macmillan,4 ,308,0063015668,www.audible.com/pd/0063015668
A Perfect Spy,John le Carré,4.5 ,904,B008PGDT04,www.audible.com/pd/B008PGDT04
The Three Mrs. Wrights,Linda Keir,4.5 ,1650,1799752046,www.audible.com/pd/1799752046
Blood Orange,Harriet Tyce,4 ,249,1549141287,www.audible.com/pd/1549141287
Notes from the Burning Age,Claire North,4.5 ,43,1549136356,www.audible.com/pd/1549136356
The Tenth Justice,Brad Meltzer,4.5 ,186,0063071258,www.audible.com/pd/0063071258
The Other Girl,Erica Spindler,4 ,97,B072LFK6S7,www.audible.com/pd/B072LFK6S7
The Siren,Katherine St. John,4 ,148,1549151371,www.audible.com/pd/1549151371
Close to Home,Robert Dugoni,4.5 ,4452,B074G6X1YJ,www.audible.com/pd/B074G6X1YJ
The Outside Man,Don Bentley,4.5 ,171,0593346475,www.audible.com/pd/0593346475
A Cry in the Dark,Denise Grover Swank,4.5 ,813,B083NQYMYZ,www.audible.com/pd/B083NQYMYZ
Into the Fire,Gregg Hurwitz,5 ,6639,1799751511,www.audible.com/pd/1799751511
The Girls in the Snow,Stacy Green,4.5 ,1479,B08KRYGSRF,www.audible.com/pd/B08KRYGSRF
Silent Voices,Patricia Gibney,4.5 ,307,B08TRM5Z93,www.audible.com/pd/B08TRM5Z93
What She Knew,Gilly Macmillan,4 ,6871,B0176YT8PA,www.audible.com/pd/B0176YT8PA
The Poet,Michael Connelly,4.5 ,14357,B002UZN6SQ,www.audible.com/pd/B002UZN6SQ
Secret Remains,Jennifer Graeser Dornbush,4.5 ,2336,1094007552,www.audible.com/pd/1094007552
Sons of War,Nicholas Sansbury Smith,4 ,1563,1538553481,www.audible.com/pd/1538553481
Find Her Alive: A Gripping Crime Thriller Packed with Mystery and Suspense,Lisa Regan,4.5 ,1256,B086R9CKJ7,www.audible.com/pd/B086R9CKJ7
The Wife,Shalini Boland,4 ,733,B08GSWFXJ4,www.audible.com/pd/B08GSWFXJ4
"The Concrete Blonde: Harry Bosch Series, Book 3",Michael Connelly,4.5 ,10352,B002V1CBTY,www.audible.com/pd/B002V1CBTY
The Girl Who Was Taken,Charlie Donlea,4.5 ,10402,B06ZZ22PP1,www.audible.com/pd/B06ZZ22PP1
An Innocent Client,Scott Pratt,4.5 ,4246,B00CJE43FI,www.audible.com/pd/B00CJE43FI
Cross Her Heart,Melinda Leigh,4.5 ,2738,1799750191,www.audible.com/pd/1799750191
Leverage in Death,J. D. Robb,4.5 ,5388,B07FDGW1LY,www.audible.com/pd/B07FDGW1LY
Immortal in Death,J. D. Robb,4.5 ,5405,B002VA9LHK,www.audible.com/pd/B002VA9LHK
Congo,Michael Crichton,4.5 ,4779,B00ZJQ9AZQ,www.audible.com/pd/B00ZJQ9AZQ
The Perfect Mother,Caroline Mitchell,4.5 ,1327,1799716961,www.audible.com/pd/1799716961
Her Royal Spyness,Rhys Bowen,4 ,13085,B003VW6KU8,www.audible.com/pd/B003VW6KU8
Can You See Her?,S. E. Lynes,4.5 ,869,B087434C7B,www.audible.com/pd/B087434C7B
Unfaithful,Natalie Barelli,4.5 ,3352,166206375X,www.audible.com/pd/166206375X
Agent Zero,Jack Mars,4.5 ,3535,B07PCSTYP3,www.audible.com/pd/B07PCSTYP3
A Steep Price,Robert Dugoni,4.5 ,4977,B07D9TTKK8,www.audible.com/pd/B07D9TTKK8
In the Darkness,Mike Omer,4.5 ,5082,1721333215,www.audible.com/pd/1721333215
Silent Prey,John Sandford,4.5 ,2540,B007SP3FQ6,www.audible.com/pd/B007SP3FQ6
Chiefs,Stuart Woods,4.5 ,3852,B002V8LMLA,www.audible.com/pd/B002V8LMLA
Boundary Waters,William Kent Krueger,4.5 ,2635,B003MQPNLA,www.audible.com/pd/B003MQPNLA
In Good Faith,Scott Pratt,4.5 ,1683,B00CP8Q8YC,www.audible.com/pd/B00CP8Q8YC
Close to Home,Lisa Jackson,4 ,2187,B00N13YFT0,www.audible.com/pd/B00N13YFT0
The Dawn Patrol,Don Winslow,4.5 ,2974,B002V0KQ74,www.audible.com/pd/B002V0KQ74
The Yard,Alex Grecian,4 ,1923,B0085MM7WO,www.audible.com/pd/B0085MM7WO
The Equalizer,Michael Sloan,4.5 ,1772,B00KAGLLEI,www.audible.com/pd/B00KAGLLEI
Hanging Falls,Margaret Mizushima,4.5 ,1793,1662029020,www.audible.com/pd/1662029020
Thicker than Blood,Mike Omer,4.5 ,2128,1799750663,www.audible.com/pd/1799750663
Close Up,Amanda Quick,4 ,914,1980031983,www.audible.com/pd/1980031983
Too Good to Be True,Carola Lovering,4.5 ,1355,1250789834,www.audible.com/pd/1250789834
Behind the Lines,W. E. B. Griffin,4.5 ,1338,B002VA9D3W,www.audible.com/pd/B002VA9D3W
The Import,J.T. Baier,4.5 ,702,1774245892,www.audible.com/pd/1774245892
A Merciful Fate,Kendra Elliot,4.5 ,1913,B07KRHXD88,www.audible.com/pd/B07KRHXD88
See Her Die,Melinda Leigh,4.5 ,1381,1799755568,www.audible.com/pd/1799755568
Don't Make a Sound,T.R. Ragan,4.5 ,1031,1799750469,www.audible.com/pd/1799750469
The Lion's Den,Katherine St. John,4.5 ,1030,1549151347,www.audible.com/pd/1549151347
Augmented,James D. Prescott,4 ,931,B07WMXR7NF,www.audible.com/pd/B07WMXR7NF
Where the Blame Lies,Mia Sheridan,4.5 ,2676,B082YDG5M9,www.audible.com/pd/B082YDG5M9
Honor Bound,W. E. B. Griffin,4.5 ,1016,B002V5IV4O,www.audible.com/pd/B002V5IV4O
The Seventh Victim,Mary Burton,4.5 ,1509,B00B514OQO,www.audible.com/pd/B00B514OQO
Dark Fire,C. J. Sansom,4.5 ,1466,B002V57UDC,www.audible.com/pd/B002V57UDC
On Eden Street,Peter Grainger,4.5 ,1126,1705210945,www.audible.com/pd/1705210945
The Sister-in-Law,Sue Watson,4 ,749,B08742HG6M,www.audible.com/pd/B08742HG6M
All the Devils,Barry Eisler,4.5 ,1562,1978657528,www.audible.com/pd/1978657528
The Last Agent,Robert Dugoni,4.5 ,1181,1799750809,www.audible.com/pd/1799750809
The Best of Friends,Lucinda Berry,4.5 ,1262,1799759156,www.audible.com/pd/1799759156
QB VII,Leon Uris,4 ,661,B00JMPB9Z4,www.audible.com/pd/B00JMPB9Z4
Deep Freeze,Lisa Jackson,4.5 ,600,1713507153,www.audible.com/pd/1713507153
Acts of Omission,James S. Bostwick,4.5 ,776,1541434110,www.audible.com/pd/1541434110
The Unspoken,Ian K. Smith,4 ,601,171350622X,www.audible.com/pd/171350622X
I'm Traveling Alone,Samuel Bjork,4.5 ,1198,B01AVGGAX8,www.audible.com/pd/B01AVGGAX8
Foreign and Domestic,A. J. Tata,4.5 ,786,B073PH9H5X,www.audible.com/pd/B073PH9H5X
Save Her Soul,Lisa Regan,4.5 ,539,B08F7Z4C57,www.audible.com/pd/B08F7Z4C57
A Criminal Justice,William L. Myers Jr.,4 ,597,1799750221,www.audible.com/pd/1799750221
Heartstone,C. J. Sansom,4.5 ,1047,B004MCF94O,www.audible.com/pd/B004MCF94O
The Last Don,Mario Puzo,4.5 ,657,B002V8LCVA,www.audible.com/pd/B002V8LCVA
Cold Dark Places,Kylie Brant,4.5 ,1112,1543662803,www.audible.com/pd/1543662803
The Eagle Has Landed,Jack Higgins,4.5 ,520,B003O9GBF2,www.audible.com/pd/B003O9GBF2
One Fearful Yellow Eye,John D. MacDonald,4.5 ,517,B007RFQ2IU,www.audible.com/pd/B007RFQ2IU
The Fall,John Lescroart,4.5 ,559,B00V8OP5GQ,www.audible.com/pd/B00V8OP5GQ
Her Final Words,Brianna Labuskes,4 ,523,1799759873,www.audible.com/pd/1799759873
Burn-In,"P. W. Singer, August Cole",4.5 ,493,1501949578,www.audible.com/pd/1501949578
"Kings Lake Investigation Series #3, Roxanne",Peter Grainger,4.5 ,799,1705294685,www.audible.com/pd/1705294685
A Forgotten Murder,Jude Deveraux,4.5 ,487,1980036187,www.audible.com/pd/1980036187
Pacific Glory,P. T. Deutermann,4.5 ,729,B004RC6Z7O,www.audible.com/pd/B004RC6Z7O
Remote Control,Nnedi Okorafor,4.5 ,392,1250772966,www.audible.com/pd/1250772966
Terminus,Peter Clines,4.5 ,6960,B082MSS5NN,www.audible.com/pd/B082MSS5NN
Leviathan Wakes,James S. A. Corey,4.5 ,23521,B073H9PF2D,www.audible.com/pd/B073H9PF2D
Lux,"Brandon Sanderson, Steven Michael Bohls",4.5 ,2990,B0979GG9T2,www.audible.com/pd/B0979GG9T2
Redshirts,John Scalzi,4 ,21304,B007SP2LPM,www.audible.com/pd/B007SP2LPM
I Am Legend,Richard Matheson,4 ,13454,B002V1CB2Q,www.audible.com/pd/B002V1CB2Q
The Stone Sky,N. K. Jemisin,4.5 ,11059,B07288JYYG,www.audible.com/pd/B07288JYYG
All Systems Red,Martha Wells,4.5 ,11015,B076XSGP65,www.audible.com/pd/B076XSGP65
Artificial Condition,Martha Wells,4.5 ,5621,B07BFDDWXN,www.audible.com/pd/B07BFDDWXN
Ring Shout,P. Djèlí Clark,4.5 ,242,1980064695,www.audible.com/pd/1980064695
God's Eye: Awakening: A Labyrinth World LitRPG Novel,Aleron Kong,4.5 ,5305,B08V5BQYTT,www.audible.com/pd/B08V5BQYTT
Day By Day Armageddon,J. L. Bourne,4.5 ,6014,B0031001KU,www.audible.com/pd/B0031001KU
This Is How You Lose the Time War,"Amal El-Mohtar, Max Gladstone",4.5 ,1912,1508287058,www.audible.com/pd/1508287058
Blood Heir,Ilona Andrews,4.5 ,1471,B08VSJHFJK,www.audible.com/pd/B08VSJHFJK
Riluo City,Tinalynge,4.5 ,409,177424859X,www.audible.com/pd/177424859X
The Scribbly Man,Terry Goodkind,4.5 ,1101,1980047995,www.audible.com/pd/1980047995
The Junkie Quatrain,Peter Clines,4 ,2013,B0070Z9CMU,www.audible.com/pd/B0070Z9CMU
Moon Dance,J. R. Rain,4 ,2099,B005GQTLK8,www.audible.com/pd/B005GQTLK8
We,Yevgeny Zamyatin,4 ,1043,B004TBQWV2,www.audible.com/pd/B004TBQWV2
Beautiful,Juliet Marillier,4.5 ,1385,B07PFR25FH,www.audible.com/pd/B07PFR25FH
The Last Reaper,"JN Chaney, Scott Moon",4.5 ,1649,1772309516,www.audible.com/pd/1772309516
Taming Demons for Beginners,Annette Marie,4.5 ,1535,1515934098,www.audible.com/pd/1515934098
Rolling in the Deep,Mira Grant,4 ,1111,1541447387,www.audible.com/pd/1541447387
Infinity Blade: Awakening,Brandon Sanderson,4.5 ,905,B07933B798,www.audible.com/pd/B07933B798
Midlife Ghost Hunter,Shannon Mayer,5 ,972,B08PPY4Y9M,www.audible.com/pd/B08PPY4Y9M
Reverse Transmission,"Ben O'Brien, Param Anand Singh",4 ,803,B07HXN2YDZ,www.audible.com/pd/B07HXN2YDZ
"The Demon Accords Compendium, Volume 1",John Conroe,4.5 ,965,B07FKV51XP,www.audible.com/pd/B07FKV51XP
Warping Minds & Other Misdemeanors,"Annette Marie, Rob Jacobsen",4.5 ,757,1705250440,www.audible.com/pd/1705250440
Penric’s Demon,Lois McMaster Bujold,4.5 ,902,B019FYKMUO,www.audible.com/pd/B019FYKMUO
Disenchanted,Robert Kroese,4 ,826,B00EO71THS,www.audible.com/pd/B00EO71THS
Civil War,"Stuart Moore, Marvel",4.5 ,341,197497703X,www.audible.com/pd/197497703X
Driving Mr. Dead,Molly Harper,4.5 ,6395,B006MY87EE,www.audible.com/pd/B006MY87EE
Easy Pickings,"Faith Hunter, C. E. Murphy",4.5 ,978,B00MAM92GO,www.audible.com/pd/B00MAM92GO
"Love, Lies, and Hocus Pocus: Beginnings",Lydia Sherrer,4.5 ,304,1977341136,www.audible.com/pd/1977341136
Witching for Grace: A Paranormal Women's Fiction Novel,Deanna Chase,4.5 ,443,B088VRC97G,www.audible.com/pd/B088VRC97G
Dark King,C. N. Crawford,4.5 ,296,1690556420,www.audible.com/pd/1690556420
The Modern Scholar: Tolkien and the West,Professor Michael Drout,4.5 ,396,B0088Q0MF6,www.audible.com/pd/B0088Q0MF6
Wholesale Slaughter,Rick Partlow,4.5 ,376,B07RHQ478C,www.audible.com/pd/B07RHQ478C
Clockwork Boys,T. Kingfisher,4.5 ,355,1721339612,www.audible.com/pd/1721339612
Real Men Howl,"Celia Kyle, Marina Maddix",4.5 ,607,1977331602,www.audible.com/pd/1977331602
Veiled Alliances,Kevin J. Anderson,4 ,344,B008GWRPGQ,www.audible.com/pd/B008GWRPGQ
Cloudy With a Chance of Witchcraft (A Paranormal Women's Fiction Romance Novel),Mandy M. Roth,4.5 ,321,B08FBMBCKM,www.audible.com/pd/B08FBMBCKM
Scent of a Mate,Milly Taiden,4.5 ,669,B00P0259W2,www.audible.com/pd/B00P0259W2
Defiance,William H. Weber,4.5 ,316,B01IVY0XZS,www.audible.com/pd/B01IVY0XZS
Bodega: Tales from the Bodegaverse,Edward Forsyth,5 ,356,B087W3LVYS,www.audible.com/pd/B087W3LVYS
Supers: Rise Up,"Charley Case, Justin Sloan",4.5 ,484,1774241935,www.audible.com/pd/1774241935
Tempted by Fire,Erin Kellison,4.5 ,212,B01K4WVZ1Q,www.audible.com/pd/B01K4WVZ1Q
Midnight Bites,Chloe Neill,4.5 ,583,B015HSTXZW,www.audible.com/pd/B015HSTXZW
Gods and Demons,BR Kingsolver,4.5 ,207,1541449088,www.audible.com/pd/1541449088
The Sky People,Terry Goodkind,4.5 ,188,1980054541,www.audible.com/pd/1980054541
Fugitive Mate,Anastasia Wilde,4.5 ,222,1977340822,www.audible.com/pd/1977340822
Touched by Fire: Magic Wars,Kel Carpenter,4.5 ,224,B08QR8Z5CC,www.audible.com/pd/B08QR8Z5CC
Many Are the Dead,Anthony Ryan,4.5 ,245,B07NPXXH7H,www.audible.com/pd/B07NPXXH7H
The Journey Home: An EMP Survival Story,John Winchester,4.5 ,220,B079VVXZSF,www.audible.com/pd/B079VVXZSF
Rocket Ship Galileo,Robert A. Heinlein,4.5 ,404,B002V5H8CU,www.audible.com/pd/B002V5H8CU
Binary,"Michael Crichton, John Lange",4 ,169,B00ZE3GIGI,www.audible.com/pd/B00ZE3GIGI
Silver Staked,"Shannon Mayer, D. G. Swank",4.5 ,219,1662024320,www.audible.com/pd/1662024320
The Time Machine (AmazonClassics Edition),H. G. Wells,4.5 ,207,B075G1RZ12,www.audible.com/pd/B075G1RZ12
Princess Floralinda and the Forty-Flight Tower,Tamsyn Muir,5 ,287,1705004571,www.audible.com/pd/1705004571
Shrill Dusk,Helen Harper,4 ,175,1977347754,www.audible.com/pd/1977347754
Spotted Her First,Emma Dean,4.5 ,164,1977338712,www.audible.com/pd/1977338712
Superdreadnought 1,"C. H. Gideon, Tim Marquitz",4.5 ,184,1974982343,www.audible.com/pd/1974982343
"Marty’s Horrible, Terrible, Very Bad Day",Dakota Cassidy,5 ,194,1977344356,www.audible.com/pd/1977344356
Nightshades,Melissa F. Olson,4.5 ,192,B07738N9GS,www.audible.com/pd/B07738N9GS
Witches of Lychford,Paul Cornell,4 ,173,B010HEKP5I,www.audible.com/pd/B010HEKP5I
The Unpleasant Profession of Jonathan Hoag,Robert A. Heinlein,4 ,215,B0030E6M0K,www.audible.com/pd/B0030E6M0K
Arc,Devon C. Ford,4.5 ,168,B081S9TQRW,www.audible.com/pd/B081S9TQRW
A Town Called Discovery,R. R. Haywood,4.5 ,513,B08GM1SDDL,www.audible.com/pd/B08GM1SDDL
The Echo Wife,Sarah Gailey,4 ,316,1250755131,www.audible.com/pd/1250755131
The Future of Another Timeline,Annalee Newitz,4 ,194,125024353X,www.audible.com/pd/125024353X
Dead Until Dark,Charlaine Harris,4 ,11625,B002V1LPJ6,www.audible.com/pd/B002V1LPJ6
A Boy and His Dog at the End of the World,C. A. Fletcher,4.5 ,5250,1549171488,www.audible.com/pd/1549171488
The Burning Island,Hester Young,4.5 ,81,B07L3BGQR8,www.audible.com/pd/B07L3BGQR8
Steelheart,Brandon Sanderson,4.5 ,35984,B00ECDZ08I,www.audible.com/pd/B00ECDZ08I
The Witness for the Dead,Katherine Addison,4.5 ,198,1250807891,www.audible.com/pd/1250807891
Second Hand Curses,Drew Hayes,4.5 ,11560,B074XK2R2X,www.audible.com/pd/B074XK2R2X
Warrior of the Altaii,Robert Jordan,4.5 ,820,1250252504,www.audible.com/pd/1250252504
Midnight Robber,Nalo Hopkinson,4.5 ,441,B009995BXO,www.audible.com/pd/B009995BXO
Sleeping Giants,Sylvain Neuvel,4.5 ,5624,B01A98UKAC,www.audible.com/pd/B01A98UKAC
"Solo Leveling, Vol. 1 (Novel)",Chugong,4.5 ,741,1975325885,www.audible.com/pd/1975325885
The Library of the Dead,T. L. Huchu,4 ,85,1250790174,www.audible.com/pd/1250790174
The Tinderbox: Soldier of Indira,Lou Diamond Phillips,4.5 ,311,1774244527,www.audible.com/pd/1774244527
Rovers,Richard Lange,4.5 ,81,1549105124,www.audible.com/pd/1549105124
The Bar at the End of the World,Tom Abrahams,4 ,268,B0859KD844,www.audible.com/pd/B0859KD844
A Tangled Road to Justice,Olan Thorensen,4 ,315,B07PJ522G1,www.audible.com/pd/B07PJ522G1
Last Tango in Cyberspace,Steven Kotler,4.5 ,133,1250225442,www.audible.com/pd/1250225442
Wrangler,Hondo Jinx,4.5 ,239,B08ZC75WK5,www.audible.com/pd/B08ZC75WK5
Agent to the Stars,John Scalzi,4.5 ,14681,B004DR2CNE,www.audible.com/pd/B004DR2CNE
Sentenced to War,"Jonathan Brazee, J. N. Chaney",4.5 ,573,B091J42ZBH,www.audible.com/pd/B091J42ZBH
The Body Reader,Anne Frasier,4.5 ,6719,B01FI6OP5G,www.audible.com/pd/B01FI6OP5G
The Long Earth,"Terry Pratchett, Stephen Baxter",4 ,2736,B0089EBG84,www.audible.com/pd/B0089EBG84
Noir Fatale,"Kacey Ezell - editor, Larry Correia - editor",4.5 ,160,B07RKYJFG8,www.audible.com/pd/B07RKYJFG8
The Walking Dead: The Road to Woodbury,"Robert Kirkman, Jay Bonansinga",4.5 ,1246,B009R56BU2,www.audible.com/pd/B009R56BU2
Bushido Online: The Battle Begins,Nikita Thorn,4.5 ,1757,B07BDQ9CP1,www.audible.com/pd/B07BDQ9CP1
Falling Kingdoms,Morgan Rhodes,4 ,871,B00AI4S6DQ,www.audible.com/pd/B00AI4S6DQ
Sea of Rust,C. Robert Cargill,4.5 ,1419,B0731RVSMP,www.audible.com/pd/B0731RVSMP
All Our Wrong Todays,Elan Mastai,4.5 ,1114,B01MQRLEII,www.audible.com/pd/B01MQRLEII
USS Hamilton: Ironhold Station,Mark Wayne McGinnis,4.5 ,603,1774245361,www.audible.com/pd/1774245361
Joust,Mercedes Lackey,4.5 ,457,1977342213,www.audible.com/pd/1977342213
Sorcery Reborn,Steve McHugh,4.5 ,687,1799749215,www.audible.com/pd/1799749215
Path of a Novice,R.K. Lander,4.5 ,452,1977342256,www.audible.com/pd/1977342256
Awakened,C.M. Carney,4.5 ,418,B08P3RM8PC,www.audible.com/pd/B08P3RM8PC
Bunker Core,Andrew Seiple,4.5 ,683,1772308579,www.audible.com/pd/1772308579
The Protocol,J. Robert Kennedy,4.5 ,394,B084L1NZFM,www.audible.com/pd/B084L1NZFM
Player Reached the Top,"Rick Scar, Anastasia Koptelova - translator",4.5 ,366,1705228143,www.audible.com/pd/1705228143
This Quest Is Broken!,J. P. Valentine,4.5 ,308,B08Y97ZFVX,www.audible.com/pd/B08Y97ZFVX
The Great Filter: A Post-Apocalyptic Gamelit Novel,Russell Wilbinski,4.5 ,473,1977348793,www.audible.com/pd/1977348793
First Strike,Christopher G. Nuttall,4.5 ,290,1774243067,www.audible.com/pd/1774243067
Underpowered Howard,John L. Monk,4.5 ,306,B08RPCLW6N,www.audible.com/pd/B08RPCLW6N
Lair,Carl Stubblefield,4.5 ,319,B08MWVCDNY,www.audible.com/pd/B08MWVCDNY
The Hungry Dragon Cookie Company,L. G. Estrella,5 ,351,1774244322,www.audible.com/pd/1774244322
The Fragment of Water,Ben Hale,4.5 ,171,1772308552,www.audible.com/pd/1772308552
Shadow Pack,Marc Daniel,4.5 ,185,1977348726,www.audible.com/pd/1977348726
Resurrection,Matthew Peed,4.5 ,247,1705234305,www.audible.com/pd/1705234305
Dragon Hack,Andrew Seiple,4.5 ,204,1774242001,www.audible.com/pd/1774242001
The Mermaid,Christina Henry,4 ,139,B07D97545D,www.audible.com/pd/B07D97545D
The Lost Kingdom of Bamarre,Gail Carson Levine,4.5 ,113,B06XY74NWJ,www.audible.com/pd/B06XY74NWJ
Take Two,John Van Stry,4.5 ,247,B08LQK57VB,www.audible.com/pd/B08LQK57VB
The Prey,Tom Isbell,4 ,59,B00R5BI2B6,www.audible.com/pd/B00R5BI2B6
Lovecraft Country,Matt Ruff,4.5 ,428,0063078856,www.audible.com/pd/0063078856
The Fall of Koli,M. R. Carey,5 ,916,1549187465,www.audible.com/pd/1549187465
Shards of Earth,Adrian Tchaikovsky,4.5 ,611,1549106392,www.audible.com/pd/1549106392
Children of Time,Adrian Tchaikovsky,4.5 ,30996,B071Y9TTHC,www.audible.com/pd/B071Y9TTHC
The Salvage Crew,Yudhanjaya Wijeratne,4 ,3148,1774246775,www.audible.com/pd/1774246775
Doing Time,Jodi Taylor,4.5 ,2121,B08173V6V8,www.audible.com/pd/B08173V6V8
The Blacktongue Thief,Christopher Buehlman,5 ,793,1250807832,www.audible.com/pd/1250807832
The Luna Missile Crisis,"Rhett C. Bruno, Jaime Castle",4.5 ,1515,B083LDN6VX,www.audible.com/pd/B083LDN6VX
Crimson Peak,Nancy Holder,4.5 ,535,B0147QIYNM,www.audible.com/pd/B0147QIYNM
The Last Wish,Andrzej Sapkowski,4.5 ,37150,B00WX7Y0W2,www.audible.com/pd/B00WX7Y0W2
Sword of Destiny,Andrzej Sapkowski,5 ,18322,B017WP4D6C,www.audible.com/pd/B017WP4D6C
Trouble the Saints,Alaya Dawn Johnson,4 ,21,1250755271,www.audible.com/pd/1250755271
Krondor the Betrayal,Raymond E. Feist,5 ,78,0062978810,www.audible.com/pd/0062978810
We Ride the Storm,Devin Madson,4.5 ,28,1549184997,www.audible.com/pd/1549184997
Middlegame,Seanan McGuire,4.5 ,864,1250223350,www.audible.com/pd/1250223350
The Wolf and the Woodsman,Ava Reid,4 ,78,0062973150,www.audible.com/pd/0062973150
The Unlikely Escape of Uriah Heep,H. G. Parry,4.5 ,153,1549183087,www.audible.com/pd/1549183087
My Contrary Mary,"Cynthia Hand, Brodi Ashton, Jodi Meadows",4.5 ,67,0063087901,www.audible.com/pd/0063087901
The Shadow of the Gods,John Gwynne,4.5 ,605,1549134035,www.audible.com/pd/1549134035
Monster Hunter International,Larry Correia,4.5 ,19301,B004RGQ6UQ,www.audible.com/pd/B004RGQ6UQ
A Master of Djinn,P. Djèlí Clark,4.5 ,356,1250807735,www.audible.com/pd/1250807735
The Last Astronaut,David Wellington,4 ,294,1549175696,www.audible.com/pd/1549175696
The Farseer: Assassin's Apprentice,Robin Hobb,4.5 ,12069,B003AO3P5A,www.audible.com/pd/B003AO3P5A
Undeading Bells,Drew Hayes,5 ,1934,1977346987,www.audible.com/pd/1977346987
The Last Watch,J. S. Dewes,4.5 ,373,1250790204,www.audible.com/pd/1250790204
Reset,Brian Andrews,4 ,3478,B07BNQTVDS,www.audible.com/pd/B07BNQTVDS
Swan Song,Robert R. McCammon,4.5 ,11261,B00656GCH8,www.audible.com/pd/B00656GCH8
The Host,Stephenie Meyer,4.5 ,10927,B002V0PS5E,www.audible.com/pd/B002V0PS5E
Metro 2033,Dmitry Glukhovsky,4.5 ,7306,B00GLZPZHQ,www.audible.com/pd/B00GLZPZHQ
Vox,Christina Dalcher,4 ,1399,B07BWTZ18V,www.audible.com/pd/B07BWTZ18V
A Canticle for Leibowitz,Walter M. Miller Jr.,4 ,4926,B005F5ZBRC,www.audible.com/pd/B005F5ZBRC
The Dispossessed,Ursula K. Le Guin,4.5 ,3023,B0041PD25K,www.audible.com/pd/B0041PD25K
The Worldship Humility,R. R. Haywood,4.5 ,2741,B07MQBFCXL,www.audible.com/pd/B07MQBFCXL
Watchers,Dean Koontz,4.5 ,18626,B07D2JG8TH,www.audible.com/pd/B07D2JG8TH
The Swarm,"Orson Scott Card, Aaron Johnston",4.5 ,4432,B01GF3SUXE,www.audible.com/pd/B01GF3SUXE
Prince of Fools,Mark Lawrence,4.5 ,3796,B00KQ06SNW,www.audible.com/pd/B00KQ06SNW
The Once and Future Witches,Alix E. Harrow,4.5 ,1847,1549186426,www.audible.com/pd/1549186426
The Peripheral,William Gibson,4 ,1761,B00OL65MIO,www.audible.com/pd/B00OL65MIO
Lexicon,Max Barry,4 ,2992,B00D48L3A6,www.audible.com/pd/B00D48L3A6
The Outcasts,John Flanagan,5 ,1498,B005VSTP0C,www.audible.com/pd/B005VSTP0C
The School for Good and Evil,Soman Chainani,4.5 ,1248,B00CICNV40,www.audible.com/pd/B00CICNV40
Star Runner,B. V. Larson,4.5 ,1775,B08C8YPWGR,www.audible.com/pd/B08C8YPWGR
Occupation,"Devon C. Ford, Nathan Hystad",4.5 ,1420,B084CXM7NG,www.audible.com/pd/B084CXM7NG
City of Golden Shadow,Tad Williams,4.5 ,1504,B00OLBAV26,www.audible.com/pd/B00OLBAV26
Battle Royale,"Koushun Takami, Yuji Oniki - translator",4.5 ,1153,B0093O1ZY4,www.audible.com/pd/B0093O1ZY4
Rise of the Shadow Rogue,Mike Truk,4.5 ,1576,B07QMX977N,www.audible.com/pd/B07QMX977N
Monster's Mercy,William D. Arand,5 ,2068,B087YRMKKB,www.audible.com/pd/B087YRMKKB
To Honor You Call Us,H. Paul Honsinger,4.5 ,1896,B00HUDOY7K,www.audible.com/pd/B00HUDOY7K
The Gone World,Tom Sweterlitsch,4 ,1273,B075F8K8B8,www.audible.com/pd/B075F8K8B8
A Murder of Shadows,John Conroe,4.5 ,939,B087GCFXQ6,www.audible.com/pd/B087GCFXQ6
Ascendant,Michael R. Miller,5 ,1291,B08J4K9B5Y,www.audible.com/pd/B08J4K9B5Y
Ravenous,David Petrie,5 ,1421,B08YKD5JQJ,www.audible.com/pd/B08YKD5JQJ
A Promise of Fire,Amanda Bouchet,4.5 ,1650,B01IUA7E8C,www.audible.com/pd/B01IUA7E8C
The Autobiography of Kathryn Janeway,Una McCormack,5 ,710,1705297943,www.audible.com/pd/1705297943
The Trident Deception,Rick Campbell,4.5 ,818,B00IEFML5A,www.audible.com/pd/B00IEFML5A
End of Summer,S.M. Anderson,4.5 ,966,1774244187,www.audible.com/pd/1774244187
Soon I Will Be Invincible,Austin Grossman,4 ,1969,B002V0Q39E,www.audible.com/pd/B002V0Q39E
Rise of the Mystics,Ted Dekker,4.5 ,475,B07FF2SCPM,www.audible.com/pd/B07FF2SCPM
The Majestic 311,Keith C. Blackmore,4 ,1040,B08D9SV991,www.audible.com/pd/B08D9SV991
The Mercenary Code,Emmet Moss,4.5 ,572,1774243903,www.audible.com/pd/1774243903
The Elven,"Bernhard Hennen, James A. Sullivan, Edwin Miles - translator",4.5 ,891,B078K1SWX6,www.audible.com/pd/B078K1SWX6
Watcher's Test: A LitRPG Saga,Sean Oswald,4.5 ,1046,B0861WGPHD,www.audible.com/pd/B0861WGPHD
Battleground,Joshua Dalzelle,5 ,943,177424344X,www.audible.com/pd/177424344X
Another Kingdom,Andrew Klavan,4.5 ,694,1978641923,www.audible.com/pd/1978641923
Vainqueur the Dragon,Maxime Durand,4.5 ,857,B087SKMLM6,www.audible.com/pd/B087SKMLM6
Too Like the Lightning,Ada Palmer,4 ,650,B01F92J3E2,www.audible.com/pd/B01F92J3E2
Enemy of the World,"Road Warrior, OppaTranslations - Translator",4.5 ,878,1774245825,www.audible.com/pd/1774245825
Rise Again,Ben Tripp,4 ,672,B0071NKB80,www.audible.com/pd/B0071NKB80
Troubled Waters,Sharon Shinn,4 ,973,B0043WNUMQ,www.audible.com/pd/B0043WNUMQ
Dawn of the Planet of the Apes,Alex Irvine,4 ,398,B00LBIGA8G,www.audible.com/pd/B00LBIGA8G
The Purge of District 89,D. J. Molles,4.5 ,738,B01MT90U33,www.audible.com/pd/B01MT90U33
With the Lightnings,David Drake,4 ,699,B002V5B9Z2,www.audible.com/pd/B002V5B9Z2
Realm Breaker,Victoria Aveyard,4 ,220,0063087669,www.audible.com/pd/0063087669
Aether's Blessing,Daniel Schinhofen,5 ,985,B08GQDMDQZ,www.audible.com/pd/B08GQDMDQZ
People of the Wolf,"Michael W. Gear, Kathleen O'Neal Gear",4.5 ,306,B07B8X2YHW,www.audible.com/pd/B07B8X2YHW
The Immortal Crown,Kieth Merrill,4 ,576,B01F27OCGS,www.audible.com/pd/B01F27OCGS
The Last Human,Zack Jordan,4 ,388,0593167864,www.audible.com/pd/0593167864
Street Cultivation,Sarah Lin,4.5 ,642,1541438299,www.audible.com/pd/1541438299
Shattered Sword (A LitRPG Adventure),TJ Reynolds,4.5 ,709,B086M6P957,www.audible.com/pd/B086M6P957
Tree Dungeon,Andrew Karevik,4.5 ,669,1977366155,www.audible.com/pd/1977366155
Predator: Stalking Shadows,"James A. Moore, Mark Morris",4.5 ,455,1094154199,www.audible.com/pd/1094154199
